No,耐久,装甲,回避,火力,雷装,対空,対潜,索敵,運,搭載,燃料
1,80.0,89.0,49.0,99.0,0.0,89.0,0.0,39.0,20.0,12.0,100.0
2,90.0,98.0,69.0,99.0,0.0,99.0,0.0,49.0,32.0,12.0,100.0
3,80.0,89.0,49.0,99.0,0.0,89.0,0.0,39.0,3.0,12.0,100.0
4,90.0,98.0,69.0,99.0,0.0,99.0,0.0,49.0,6.0,12.0,100.0
5,74.0,89.0,49.0,89.0,0.0,79.0,0.0,36.0,15.0,12.0,85.0
6,74.0,89.0,49.0,94.0,0.0,79.0,0.0,36.0,15.0,12.0,85.0
7,16.0,29.0,89.0,29.0,79.0,49.0,49.0,19.0,50.0,0.0,15.0
8,32.0,59.0,99.0,59.0,89.0,59.0,59.0,39.0,60.0,0.0,15.0
9,69.0,54.0,49.0,39.0,0.0,69.0,0.0,69.0,12.0,73.0,60.0
10,77.0,79.0,69.0,55.0,0.0,79.0,0.0,89.0,12.0,82.0,75.0
11,71.0,59.0,49.0,39.0,0.0,69.0,0.0,69.0,10.0,93.0,60.0
12,79.0,79.0,69.0,50.0,0.0,79.0,0.0,89.0,12.0,98.0,80.0
13,50.0,49.0,59.0,29.0,0.0,69.0,0.0,69.0,10.0,64.0,50.0
14,65.0,69.0,69.0,39.0,0.0,79.0,0.0,89.0,12.0,73.0,65.0
15,50.0,49.0,69.0,29.0,0.0,69.0,0.0,69.0,35.0,64.0,50.0
16,65.0,69.0,79.0,39.0,0.0,79.0,0.0,89.0,40.0,73.0,65.0
17,19.0,29.0,99.0,29.0,89.0,49.0,49.0,19.0,10.0,0.0,20.0
18,36.0,59.0,99.0,59.0,99.0,59.0,59.0,39.0,12.0,0.0,20.0
19,15.0,19.0,89.0,29.0,79.0,39.0,49.0,19.0,17.0,0.0,15.0
20,30.0,49.0,89.0,49.0,79.0,49.0,59.0,39.0,12.0,0.0,15.0
21,15.0,19.0,79.0,29.0,69.0,39.0,49.0,19.0,10.0,0.0,15.0
22,30.0,49.0,89.0,49.0,79.0,49.0,59.0,39.0,12.0,0.0,15.0
23,15.0,19.0,79.0,29.0,69.0,39.0,49.0,19.0,10.0,0.0,15.0
24,30.0,49.0,89.0,49.0,79.0,49.0,59.0,39.0,12.0,0.0,15.0
25,15.0,19.0,79.0,29.0,69.0,39.0,49.0,19.0,10.0,0.0,15.0
26,30.0,49.0,89.0,51.0,79.0,49.0,59.0,42.0,12.0,0.0,15.0
27,15.0,19.0,79.0,29.0,69.0,39.0,49.0,19.0,10.0,0.0,15.0
28,30.0,49.0,89.0,49.0,79.0,49.0,59.0,39.0,12.0,0.0,15.0
29,15.0,19.0,79.0,29.0,69.0,39.0,49.0,19.0,10.0,0.0,15.0
30,30.0,49.0,89.0,49.0,79.0,49.0,59.0,39.0,12.0,0.0,15.0
31,15.0,19.0,89.0,29.0,79.0,39.0,49.0,19.0,12.0,0.0,15.0
32,30.0,49.0,89.0,49.0,79.0,49.0,59.0,39.0,12.0,0.0,15.0
33,15.0,19.0,79.0,29.0,69.0,39.0,49.0,19.0,10.0,0.0,15.0
34,30.0,49.0,89.0,49.0,79.0,49.0,59.0,39.0,12.0,0.0,15.0
35,25.0,29.0,77.0,49.0,89.0,59.0,59.0,39.0,17.0,0.0,25.0
36,25.0,29.0,69.0,39.0,79.0,49.0,59.0,39.0,15.0,0.0,25.0
37,63.0,69.0,59.0,89.0,0.0,69.0,0.0,39.0,12.0,9.0,80.0
38,75.0,89.0,69.0,94.0,0.0,79.0,0.0,49.0,12.0,12.0,90.0
39,63.0,69.0,59.0,89.0,0.0,69.0,0.0,39.0,10.0,9.0,80.0
40,75.0,89.0,69.0,94.0,0.0,79.0,0.0,49.0,12.0,12.0,90.0
41,63.0,69.0,59.0,89.0,0.0,69.0,0.0,39.0,15.0,9.0,80.0
42,75.0,89.0,69.0,94.0,0.0,79.0,0.0,49.0,20.0,12.0,90.0
43,63.0,69.0,59.0,89.0,0.0,69.0,0.0,39.0,10.0,9.0,80.0
44,75.0,89.0,69.0,94.0,0.0,79.0,0.0,49.0,12.0,12.0,90.0
45,30.0,39.0,39.0,19.0,0.0,29.0,0.0,36.0,20.0,19.0,25.0
46,40.0,49.0,59.0,29.0,0.0,39.0,0.0,79.0,30.0,42.0,30.0
47,67.0,79.0,39.0,94.0,0.0,79.0,0.0,33.0,5.0,12.0,85.0
48,75.0,89.0,67.0,79.0,0.0,89.0,0.0,49.0,10.0,40.0,95.0
49,67.0,79.0,39.0,94.0,0.0,79.0,0.0,33.0,5.0,12.0,85.0
50,75.0,89.0,67.0,79.0,0.0,89.0,0.0,49.0,10.0,40.0,95.0
51,23.0,29.0,69.0,39.0,59.0,39.0,59.0,19.0,17.0,0.0,25.0
52,40.0,59.0,79.0,59.0,79.0,49.0,69.0,49.0,12.0,0.0,25.0
53,23.0,29.0,69.0,39.0,59.0,39.0,59.0,19.0,17.0,0.0,25.0
54,40.0,59.0,79.0,59.0,79.0,49.0,69.0,49.0,12.0,0.0,25.0
55,31.0,39.0,44.0,19.0,0.0,29.0,0.0,69.0,10.0,38.0,35.0
56,45.0,59.0,59.0,29.0,0.0,39.0,0.0,79.0,12.0,43.0,40.0
57,13.0,18.0,79.0,29.0,59.0,29.0,39.0,17.0,12.0,0.0,15.0
58,24.0,39.0,89.0,39.0,69.0,39.0,59.0,39.0,12.0,0.0,15.0
59,13.0,18.0,69.0,29.0,49.0,29.0,39.0,17.0,10.0,0.0,15.0
60,24.0,39.0,89.0,39.0,69.0,39.0,59.0,39.0,12.0,0.0,15.0
61,13.0,18.0,69.0,29.0,49.0,29.0,39.0,17.0,10.0,0.0,15.0
62,24.0,39.0,89.0,39.0,69.0,39.0,59.0,39.0,12.0,0.0,15.0
63,13.0,18.0,69.0,29.0,49.0,29.0,39.0,17.0,10.0,0.0,15.0
64,24.0,39.0,89.0,39.0,69.0,39.0,59.0,39.0,12.0,0.0,15.0
65,13.0,18.0,69.0,29.0,49.0,29.0,39.0,17.0,15.0,0.0,15.0
66,24.0,39.0,89.0,39.0,69.0,39.0,59.0,39.0,20.0,0.0,15.0
67,13.0,18.0,69.0,29.0,49.0,29.0,39.0,17.0,10.0,0.0,15.0
68,24.0,39.0,89.0,39.0,69.0,39.0,59.0,39.0,12.0,0.0,15.0
69,13.0,18.0,69.0,29.0,49.0,29.0,39.0,17.0,10.0,0.0,15.0
70,24.0,39.0,89.0,39.0,69.0,39.0,59.0,39.0,12.0,0.0,15.0
71,13.0,18.0,69.0,29.0,49.0,29.0,39.0,17.0,10.0,0.0,15.0
72,24.0,39.0,89.0,39.0,69.0,39.0,59.0,39.0,12.0,0.0,15.0
73,25.0,29.0,79.0,49.0,89.0,59.0,59.0,39.0,12.0,2.0,25.0
74,42.0,69.0,79.0,69.0,89.0,69.0,79.0,49.0,12.0,3.0,25.0
75,25.0,29.0,69.0,39.0,79.0,49.0,59.0,39.0,10.0,2.0,25.0
76,42.0,59.0,79.0,59.0,79.0,59.0,79.0,49.0,12.0,3.0,25.0
77,25.0,29.0,69.0,39.0,79.0,49.0,59.0,39.0,10.0,2.0,25.0
78,42.0,59.0,79.0,59.0,79.0,59.0,79.0,49.0,12.0,3.0,25.0
79,26.0,29.0,79.0,49.0,89.0,59.0,59.0,39.0,12.0,2.0,25.0
80,43.0,69.0,79.0,69.0,89.0,69.0,79.0,49.0,12.0,3.0,25.0
81,26.0,29.0,69.0,39.0,79.0,49.0,79.0,39.0,10.0,2.0,25.0
82,37.0,59.0,79.0,59.0,79.0,59.0,79.0,49.0,12.0,3.0,25.0
83,26.0,29.0,69.0,39.0,79.0,49.0,59.0,39.0,10.0,2.0,25.0
84,43.0,59.0,79.0,69.0,89.0,59.0,79.0,49.0,12.0,3.0,25.0
85,26.0,29.0,69.0,39.0,79.0,49.0,79.0,39.0,10.0,2.0,25.0
86,43.0,59.0,79.0,59.0,79.0,59.0,79.0,49.0,12.0,3.0,25.0
87,26.0,29.0,79.0,49.0,89.0,59.0,69.0,39.0,12.0,2.0,25.0
88,44.0,69.0,79.0,59.0,79.0,69.0,79.0,49.0,12.0,3.0,25.0
89,26.0,29.0,69.0,39.0,79.0,49.0,69.0,39.0,10.0,2.0,25.0
90,44.0,59.0,79.0,59.0,79.0,59.0,79.0,49.0,12.0,3.0,25.0
91,26.0,29.0,69.0,39.0,79.0,49.0,69.0,39.0,10.0,2.0,25.0
92,44.0,59.0,79.0,59.0,79.0,59.0,79.0,49.0,12.0,3.0,25.0
93,40.0,39.0,39.0,29.0,0.0,9.0,0.0,69.0,10.0,24.0,35.0
94,40.0,39.0,39.0,29.0,0.0,9.0,0.0,69.0,10.0,24.0,35.0
95,41.0,59.0,69.0,59.0,69.0,59.0,0.0,39.0,10.0,6.0,40.0
96,36.0,34.0,69.0,54.0,59.0,59.0,0.0,39.0,10.0,6.0,35.0
97,48.0,70.0,75.0,70.0,59.0,59.0,0.0,49.0,10.0,8.0,35.0
98,36.0,34.0,59.0,49.0,49.0,49.0,0.0,39.0,10.0,6.0,35.0
99,48.0,70.0,75.0,70.0,59.0,59.0,0.0,49.0,10.0,8.0,35.0
100,37.0,37.0,69.0,54.0,59.0,59.0,0.0,39.0,20.0,6.0,35.0
101,49.0,72.0,80.0,72.0,59.0,59.0,0.0,49.0,30.0,8.0,35.0
102,44.0,49.0,69.0,59.0,59.0,64.0,0.0,39.0,10.0,6.0,40.0
103,55.0,73.0,79.0,76.0,79.0,69.0,0.0,49.0,10.0,8.0,40.0
104,44.0,49.0,59.0,54.0,49.0,54.0,0.0,39.0,10.0,6.0,40.0
105,55.0,73.0,79.0,76.0,69.0,69.0,0.0,49.0,10.0,8.0,40.0
106,44.0,49.0,59.0,54.0,49.0,54.0,0.0,39.0,10.0,6.0,40.0
107,55.0,73.0,79.0,77.0,69.0,69.0,0.0,49.0,10.0,8.0,40.0
108,44.0,49.0,59.0,54.0,49.0,54.0,0.0,39.0,10.0,6.0,40.0
109,55.0,73.0,79.0,77.0,69.0,69.0,0.0,49.0,10.0,8.0,40.0
110,45.0,49.0,69.0,59.0,59.0,66.0,0.0,39.0,10.0,6.0,40.0
111,57.0,75.0,80.0,77.0,79.0,69.0,0.0,49.0,10.0,8.0,40.0
112,45.0,49.0,59.0,54.0,59.0,56.0,0.0,39.0,10.0,6.0,40.0
113,57.0,75.0,79.0,77.0,79.0,69.0,0.0,49.0,10.0,8.0,40.0
114,45.0,49.0,59.0,54.0,49.0,56.0,0.0,39.0,10.0,6.0,40.0
115,55.0,75.0,79.0,78.0,69.0,89.0,0.0,49.0,10.0,8.0,40.0
116,45.0,49.0,59.0,54.0,49.0,56.0,0.0,39.0,10.0,6.0,40.0
117,57.0,75.0,79.0,78.0,69.0,69.0,0.0,49.0,10.0,8.0,40.0
118,44.0,59.0,69.0,59.0,59.0,67.0,0.0,59.0,10.0,9.0,45.0
119,56.0,77.0,79.0,76.0,79.0,79.0,0.0,79.0,10.0,16.0,45.0
120,44.0,59.0,69.0,59.0,59.0,67.0,0.0,59.0,10.0,9.0,45.0
121,56.0,77.0,79.0,76.0,79.0,79.0,0.0,77.0,10.0,16.0,45.0
122,40.0,39.0,54.0,19.0,0.0,59.0,0.0,59.0,10.0,58.0,40.0
123,50.0,59.0,69.0,29.0,0.0,69.0,0.0,79.0,12.0,66.0,45.0
124,40.0,39.0,54.0,19.0,0.0,59.0,0.0,59.0,20.0,58.0,40.0
125,50.0,59.0,69.0,29.0,0.0,69.0,0.0,79.0,30.0,66.0,45.0
126,15.0,19.0,79.0,29.0,69.0,39.0,49.0,19.0,10.0,0.0,15.0
127,30.0,49.0,89.0,49.0,79.0,49.0,59.0,39.0,12.0,0.0,15.0
128,15.0,19.0,79.0,29.0,69.0,39.0,49.0,19.0,10.0,0.0,15.0
129,30.0,49.0,89.0,49.0,79.0,49.0,59.0,39.0,12.0,0.0,15.0
130,15.0,19.0,79.0,29.0,69.0,39.0,49.0,19.0,10.0,0.0,15.0
131,30.0,49.0,89.0,49.0,79.0,49.0,59.0,39.0,12.0,0.0,15.0
132,15.0,19.0,79.0,29.0,69.0,39.0,49.0,19.0,20.0,0.0,15.0
133,30.0,49.0,89.0,49.0,79.0,49.0,59.0,39.0,20.0,0.0,15.0
134,15.0,19.0,89.0,29.0,79.0,39.0,49.0,19.0,12.0,0.0,15.0
135,30.0,49.0,89.0,49.0,79.0,49.0,59.0,39.0,12.0,0.0,15.0
136,15.0,19.0,79.0,29.0,69.0,39.0,49.0,19.0,10.0,0.0,15.0
137,30.0,49.0,89.0,49.0,79.0,49.0,59.0,39.0,12.0,0.0,15.0
138,15.0,19.0,79.0,29.0,69.0,39.0,49.0,19.0,10.0,0.0,15.0
139,30.0,49.0,89.0,49.0,79.0,49.0,59.0,39.0,12.0,0.0,15.0
140,15.0,19.0,79.0,29.0,69.0,39.0,49.0,19.0,10.0,0.0,15.0
141,30.0,49.0,89.0,49.0,79.0,49.0,59.0,39.0,12.0,0.0,15.0
142,16.0,19.0,89.0,29.0,79.0,39.0,49.0,19.0,12.0,0.0,15.0
143,30.0,49.0,89.0,49.0,79.0,49.0,59.0,39.0,12.0,0.0,15.0
144,16.0,19.0,79.0,29.0,69.0,39.0,49.0,19.0,10.0,0.0,15.0
145,30.0,49.0,89.0,49.0,79.0,49.0,59.0,39.0,12.0,0.0,15.0
146,16.0,19.0,79.0,29.0,69.0,39.0,49.0,19.0,10.0,0.0,15.0
147,30.0,49.0,89.0,49.0,79.0,49.0,59.0,39.0,12.0,0.0,15.0
148,16.0,19.0,79.0,29.0,69.0,39.0,49.0,19.0,10.0,0.0,15.0
149,30.0,49.0,89.0,49.0,79.0,49.0,59.0,39.0,12.0,0.0,15.0
150,16.0,19.0,79.0,29.0,79.0,39.0,49.0,19.0,12.0,0.0,15.0
151,30.0,49.0,89.0,49.0,79.0,49.0,59.0,39.0,12.0,0.0,15.0
152,16.0,19.0,79.0,29.0,69.0,39.0,49.0,19.0,10.0,0.0,15.0
153,30.0,49.0,89.0,49.0,79.0,49.0,59.0,39.0,12.0,0.0,15.0
154,16.0,19.0,79.0,29.0,69.0,39.0,49.0,19.0,10.0,0.0,15.0
155,30.0,49.0,89.0,49.0,79.0,49.0,59.0,39.0,12.0,0.0,15.0
156,16.0,19.0,79.0,29.0,69.0,39.0,49.0,19.0,10.0,0.0,15.0
157,30.0,49.0,89.0,49.0,79.0,49.0,59.0,39.0,12.0,0.0,15.0
158,16.0,19.0,79.0,29.0,69.0,39.0,49.0,19.0,10.0,0.0,15.0
159,30.0,49.0,89.0,49.0,79.0,49.0,59.0,39.0,12.0,0.0,15.0
160,16.0,19.0,79.0,29.0,79.0,39.0,49.0,19.0,12.0,0.0,15.0
161,30.0,49.0,89.0,49.0,79.0,49.0,59.0,39.0,12.0,0.0,15.0
162,16.0,19.0,79.0,29.0,79.0,39.0,49.0,19.0,12.0,0.0,15.0
163,31.0,49.0,89.0,49.0,79.0,49.0,59.0,39.0,12.0,0.0,15.0
164,16.0,19.0,79.0,29.0,69.0,39.0,49.0,19.0,10.0,0.0,15.0
165,31.0,49.0,89.0,49.0,79.0,49.0,59.0,39.0,12.0,0.0,15.0
166,16.0,19.0,79.0,29.0,69.0,39.0,49.0,19.0,10.0,0.0,15.0
167,31.0,49.0,89.0,49.0,79.0,49.0,59.0,39.0,12.0,0.0,15.0
168,16.0,19.0,79.0,29.0,69.0,39.0,49.0,19.0,10.0,0.0,15.0
169,31.0,49.0,89.0,49.0,79.0,49.0,59.0,39.0,12.0,0.0,15.0
170,16.0,19.0,79.0,29.0,69.0,39.0,49.0,19.0,10.0,0.0,15.0
171,31.0,49.0,89.0,49.0,79.0,49.0,59.0,39.0,12.0,0.0,15.0
172,16.0,19.0,79.0,29.0,69.0,39.0,49.0,19.0,15.0,0.0,15.0
173,31.0,49.0,89.0,49.0,79.0,49.0,59.0,39.0,20.0,0.0,15.0
174,16.0,19.0,79.0,29.0,79.0,39.0,49.0,19.0,12.0,0.0,15.0
175,32.0,49.0,89.0,49.0,79.0,49.0,59.0,39.0,12.0,0.0,15.0
176,16.0,19.0,79.0,29.0,69.0,39.0,49.0,19.0,10.0,0.0,15.0
177,32.0,49.0,89.0,49.0,79.0,49.0,59.0,39.0,12.0,0.0,15.0
178,16.0,19.0,79.0,29.0,69.0,39.0,49.0,19.0,10.0,0.0,15.0
179,32.0,49.0,89.0,49.0,79.0,49.0,59.0,39.0,12.0,0.0,15.0
180,32.0,39.0,49.0,19.0,0.0,29.0,0.0,69.0,10.0,30.0,35.0
181,45.0,59.0,59.0,29.0,0.0,39.0,0.0,79.0,12.0,48.0,40.0
182,41.0,39.0,44.0,29.0,29.0,29.0,0.0,69.0,10.0,24.0,35.0
183,41.0,39.0,44.0,29.0,29.0,29.0,0.0,69.0,10.0,24.0,35.0
186,42.0,39.0,49.0,31.0,73.0,42.0,0.0,69.0,10.0,24.0,35.0
187,42.0,39.0,49.0,31.0,73.0,42.0,0.0,69.0,10.0,24.0,35.0
188,50.0,71.0,69.0,75.0,69.0,64.0,0.0,59.0,10.0,27.0,50.0
189,77.0,92.0,77.0,86.0,0.0,92.0,0.0,60.0,30.0,47.0,95.0
190,77.0,92.0,77.0,86.0,0.0,92.0,0.0,60.0,30.0,47.0,95.0
191,47.0,39.0,67.0,19.0,0.0,49.0,0.0,69.0,10.0,36.0,40.0
192,57.0,64.0,69.0,34.0,0.0,69.0,0.0,79.0,12.0,56.0,45.0
193,47.0,39.0,67.0,19.0,0.0,49.0,0.0,69.0,10.0,36.0,40.0
194,57.0,64.0,69.0,34.0,0.0,69.0,0.0,79.0,12.0,56.0,45.0
195,62.0,49.0,59.0,39.0,0.0,69.0,0.0,69.0,10.0,75.0,55.0
196,75.0,72.0,79.0,39.0,0.0,79.0,0.0,89.0,12.0,84.0,65.0
197,62.0,49.0,69.0,39.0,0.0,69.0,0.0,69.0,40.0,75.0,55.0
198,75.0,72.0,79.0,39.0,0.0,79.0,0.0,89.0,42.0,84.0,65.0
199,26.0,29.0,69.0,39.0,79.0,49.0,59.0,39.0,12.0,2.0,25.0
200,41.0,59.0,79.0,59.0,79.0,59.0,79.0,49.0,12.0,3.0,25.0
201,27.0,29.0,69.0,39.0,79.0,49.0,59.0,39.0,12.0,2.0,25.0
202,42.0,59.0,79.0,59.0,79.0,59.0,79.0,49.0,12.0,3.0,25.0
203,19.0,29.0,69.0,42.0,69.0,42.0,39.0,39.0,12.0,0.0,20.0
204,36.0,49.0,69.0,63.0,79.0,69.0,69.0,44.0,17.0,0.0,25.0
205,32.0,39.0,49.0,19.0,0.0,29.0,0.0,69.0,30.0,30.0,35.0
206,45.0,59.0,59.0,29.0,0.0,39.0,0.0,79.0,40.0,48.0,40.0
209,40.0,59.0,62.0,59.0,69.0,59.0,0.0,39.0,5.0,6.0,40.0
210,50.0,71.0,69.0,77.0,69.0,61.0,0.0,61.0,10.0,26.0,50.0
211,16.0,19.0,79.0,29.0,69.0,39.0,49.0,19.0,10.0,0.0,15.0
212,32.0,49.0,89.0,49.0,79.0,49.0,64.0,39.0,12.0,0.0,15.0
213,16.0,19.0,79.0,29.0,69.0,39.0,49.0,19.0,10.0,0.0,15.0
214,32.0,49.0,89.0,49.0,79.0,49.0,72.0,39.0,12.0,0.0,15.0
215,37.0,37.0,69.0,54.0,59.0,59.0,0.0,39.0,20.0,6.0,35.0
216,49.0,64.0,75.0,66.0,59.0,59.0,0.0,49.0,10.0,8.0,35.0
217,58.0,65.0,69.0,34.0,0.0,72.0,0.0,79.0,13.0,59.0,45.0
218,58.0,65.0,69.0,34.0,0.0,72.0,0.0,79.0,13.0,59.0,45.0
219,14.0,18.0,36.0,9.0,79.0,0.0,0.0,39.0,12.0,0.0,10.0
220,18.0,19.0,49.0,12.0,89.0,0.0,0.0,39.0,13.0,2.0,10.0
221,40.0,59.0,62.0,59.0,69.0,59.0,0.0,39.0,5.0,6.0,40.0
222,40.0,59.0,62.0,59.0,69.0,59.0,0.0,39.0,5.0,6.0,40.0
223,10.0,17.0,39.0,7.0,59.0,0.0,0.0,29.0,10.0,0.0,10.0
224,15.0,18.0,49.0,11.0,69.0,0.0,0.0,29.0,10.0,0.0,10.0
225,14.0,19.0,36.0,9.0,69.0,0.0,0.0,39.0,40.0,0.0,10.0
226,18.0,19.0,49.0,12.0,84.0,0.0,0.0,39.0,50.0,2.0,10.0
227,15.0,19.0,37.0,9.0,69.0,0.0,0.0,39.0,20.0,0.0,10.0
228,19.0,19.0,49.0,14.0,84.0,0.0,0.0,39.0,25.0,2.0,10.0
229,50.0,72.0,69.0,75.0,69.0,59.0,0.0,59.0,10.0,22.0,50.0
230,50.0,72.0,69.0,75.0,69.0,59.0,0.0,59.0,10.0,22.0,50.0
231,93.0,108.0,59.0,129.0,0.0,94.0,0.0,39.0,12.0,28.0,250.0
232,16.0,19.0,79.0,29.0,69.0,39.0,49.0,19.0,14.0,0.0,15.0
233,32.0,49.0,89.0,44.0,79.0,59.0,64.0,39.0,15.0,0.0,15.0
234,16.0,19.0,80.0,30.0,69.0,39.0,52.0,19.0,12.0,0.0,15.0
235,32.0,49.0,90.0,50.0,80.0,50.0,67.0,42.0,12.0,0.0,15.0
236,16.0,19.0,80.0,30.0,69.0,39.0,52.0,19.0,11.0,0.0,15.0
237,32.0,49.0,90.0,50.0,80.0,50.0,67.0,42.0,12.0,0.0,15.0
238,16.0,19.0,80.0,30.0,69.0,39.0,52.0,19.0,13.0,0.0,15.0
239,32.0,49.0,90.0,50.0,80.0,50.0,67.0,42.0,14.0,0.0,15.0
240,96.0,118.0,64.0,142.0,0.0,104.0,0.0,39.0,13.0,29.0,250.0
241,30.0,32.0,72.0,42.0,72.0,60.0,70.0,45.0,10.0,6.0,30.0
242,45.0,69.0,80.0,68.0,79.0,73.0,82.0,59.0,10.0,6.0,30.0
243,30.0,32.0,72.0,42.0,72.0,60.0,70.0,45.0,10.0,6.0,30.0
244,45.0,69.0,80.0,70.0,79.0,72.0,82.0,59.0,10.0,6.0,30.0
245,31.0,33.0,72.0,42.0,72.0,63.0,70.0,45.0,13.0,6.0,30.0
246,47.0,69.0,84.0,72.0,79.0,74.0,82.0,59.0,14.0,6.0,30.0
247,31.0,32.0,72.0,41.0,71.0,62.0,72.0,45.0,20.0,6.0,30.0
248,46.0,69.0,81.0,67.0,78.0,74.0,85.0,59.0,30.0,6.0,30.0
249,44.0,69.0,80.0,62.0,79.0,85.0,94.0,59.0,13.0,0.0,25.0
250,53.0,73.0,79.0,78.0,78.0,66.0,0.0,58.0,13.0,8.0,35.0
251,94.0,108.0,59.0,129.0,0.0,94.0,0.0,40.0,10.0,28.0,250.0
252,31.0,52.0,89.0,73.0,93.0,59.0,69.0,49.0,20.0,0.0,15.0
253,31.0,52.0,93.0,61.0,89.0,72.0,80.0,48.0,50.0,0.0,15.0
255,37.0,58.0,89.0,58.0,89.0,65.0,77.0,44.0,20.0,0.0,15.0
256,97.0,119.0,63.0,139.0,0.0,99.0,0.0,40.0,9.0,28.0,250.0
257,82.0,94.0,73.0,98.0,0.0,87.0,0.0,49.0,15.0,12.0,100.0
258,83.0,95.0,72.0,99.0,0.0,82.0,0.0,52.0,13.0,12.0,100.0
259,81.0,93.0,74.0,96.0,0.0,92.0,0.0,49.0,41.0,12.0,100.0
260,82.0,92.0,72.0,104.0,0.0,82.0,0.0,49.0,14.0,12.0,100.0
261,67.0,79.0,57.0,49.0,0.0,79.0,0.0,74.0,2.0,61.0,70.0
264,20.0,24.0,35.0,9.0,72.0,0.0,0.0,45.0,20.0,3.0,20.0
265,24.0,24.0,44.0,19.0,80.0,0.0,0.0,45.0,20.0,6.0,25.0
266,70.0,84.0,59.0,59.0,0.0,86.0,0.0,77.0,4.0,86.0,90.0
267,50.0,62.0,69.0,40.0,0.0,48.0,0.0,79.0,15.0,55.0,40.0
268,49.0,69.0,84.0,68.0,89.0,70.0,74.0,55.0,14.0,3.0,25.0
269,51.0,69.0,80.0,73.0,98.0,68.0,80.0,54.0,13.0,3.0,25.0
270,48.0,68.0,82.0,69.0,84.0,75.0,85.0,54.0,13.0,3.0,25.0
273,6.0,9.0,19.0,3.0,9.0,0.0,0.0,9.0,7.0,0.0,10.0
274,7.0,11.0,29.0,5.0,19.0,0.0,0.0,19.0,7.0,0.0,10.0
275,13.0,18.0,69.0,29.0,49.0,29.0,39.0,17.0,10.0,0.0,15.0
276,24.0,39.0,89.0,39.0,69.0,39.0,59.0,39.0,12.0,0.0,15.0
277,13.0,18.0,69.0,29.0,49.0,29.0,39.0,17.0,10.0,0.0,15.0
278,24.0,39.0,89.0,34.0,69.0,49.0,65.0,39.0,14.0,0.0,15.0
280,16.0,19.0,79.0,29.0,69.0,44.0,49.0,19.0,16.0,0.0,15.0
281,33.0,49.0,88.0,48.0,79.0,64.0,68.0,49.0,18.0,0.0,15.0
282,16.0,19.0,79.0,29.0,69.0,40.0,49.0,19.0,13.0,0.0,15.0
283,32.0,49.0,88.0,48.0,79.0,49.0,69.0,39.0,13.0,0.0,15.0
284,16.0,19.0,79.0,29.0,69.0,40.0,49.0,19.0,14.0,0.0,15.0
285,32.0,49.0,88.0,48.0,79.0,49.0,69.0,39.0,16.0,0.0,15.0
286,16.0,19.0,79.0,29.0,69.0,42.0,49.0,19.0,15.0,0.0,15.0
287,32.0,49.0,88.0,48.0,79.0,60.0,68.0,39.0,17.0,0.0,15.0
288,90.0,83.0,63.0,88.0,0.0,48.0,0.0,42.0,8.0,16.0,90.0
289,94.0,93.0,69.0,93.0,0.0,58.0,0.0,52.0,10.0,16.0,95.0
290,96.0,94.0,72.0,97.0,0.0,62.0,0.0,54.0,20.0,16.0,105.0
291,18.0,22.0,76.0,26.0,60.0,42.0,64.0,24.0,6.0,0.0,20.0
292,33.0,45.0,79.0,45.0,70.0,45.0,69.0,42.0,12.0,0.0,20.0
293,18.0,22.0,76.0,26.0,60.0,42.0,64.0,24.0,6.0,0.0,20.0
294,33.0,45.0,79.0,45.0,70.0,45.0,69.0,42.0,12.0,0.0,20.0
295,50.0,64.0,68.0,56.0,64.0,44.0,0.0,40.0,30.0,9.0,50.0
296,63.0,82.0,74.0,75.0,84.0,60.0,0.0,50.0,40.0,12.0,55.0
297,96.0,95.0,74.0,99.0,36.0,70.0,0.0,59.0,22.0,16.0,110.0
298,35.0,53.0,84.0,49.0,71.0,64.0,69.0,43.0,15.0,0.0,20.0
299,35.0,53.0,84.0,47.0,71.0,68.0,69.0,43.0,15.0,0.0,20.0
300,18.0,25.0,89.0,29.0,79.0,53.0,54.0,19.0,18.0,0.0,20.0
301,34.0,61.0,94.0,49.0,84.0,63.0,59.0,39.0,17.0,0.0,20.0
303,34.0,34.0,70.0,48.0,39.0,62.0,39.0,80.0,24.0,12.0,35.0
304,47.0,68.0,78.0,70.0,49.0,74.0,39.0,84.0,30.0,12.0,35.0
306,39.0,38.0,49.0,20.0,0.0,48.0,0.0,64.0,20.0,31.0,35.0
307,16.0,19.0,9.0,29.0,69.0,40.0,49.0,19.0,13.0,0.0,15.0
308,32.0,49.0,88.0,48.0,79.0,49.0,64.0,39.0,12.0,0.0,15.0
310,59.0,79.0,82.0,77.0,82.0,84.0,0.0,92.0,15.0,18.0,50.0
311,58.0,79.0,80.0,77.0,83.0,85.0,0.0,93.0,14.0,18.0,50.0
312,48.0,57.0,62.0,32.0,0.0,62.0,0.0,74.0,24.0,45.0,35.0
313,56.0,79.0,87.0,81.0,88.0,80.0,0.0,61.0,32.0,12.0,45.0
314,56.0,78.0,83.0,81.0,85.0,83.0,0.0,63.0,18.0,12.0,45.0
315,56.0,79.0,85.0,84.0,84.0,77.0,0.0,57.0,20.0,12.0,45.0
316,57.0,78.0,86.0,84.0,84.0,76.0,0.0,58.0,19.0,12.0,45.0
317,32.0,54.0,90.0,74.0,88.0,52.0,63.0,49.0,40.0,0.0,15.0
318,67.0,76.0,86.0,67.0,0.0,82.0,0.0,89.0,50.0,81.0,70.0
319,67.0,75.0,74.0,63.0,0.0,84.0,0.0,93.0,15.0,81.0,70.0
320,31.0,53.0,91.0,66.0,87.0,63.0,81.0,53.0,15.0,0.0,15.0
321,31.0,51.0,90.0,67.0,90.0,62.0,64.0,54.0,17.0,0.0,15.0
322,45.0,68.0,83.0,56.0,94.0,78.0,82.0,60.0,20.0,3.0,25.0
323,48.0,52.0,59.0,27.0,0.0,72.0,0.0,72.0,10.0,51.0,50.0
324,48.0,51.0,59.0,25.0,0.0,72.0,0.0,74.0,13.0,51.0,50.0
325,48.0,52.0,59.0,25.0,0.0,72.0,0.0,70.0,20.0,51.0,50.0
326,31.0,51.0,90.0,55.0,90.0,73.0,69.0,45.0,16.0,0.0,15.0
327,16.0,19.0,79.0,29.0,69.0,39.0,49.0,19.0,10.0,0.0,15.0
328,30.0,49.0,89.0,49.0,79.0,49.0,59.0,39.0,12.0,0.0,15.0
329,60.0,77.0,72.0,48.0,0.0,78.0,0.0,82.0,12.0,69.0,50.0
330,33.0,58.0,95.0,59.0,83.0,79.0,75.0,48.0,32.0,0.0,15.0
331,55.0,62.0,84.0,40.0,0.0,74.0,0.0,79.0,41.0,66.0,45.0
332,16.0,19.0,80.0,30.0,69.0,39.0,52.0,19.0,11.0,0.0,15.0
333,32.0,49.0,90.0,50.0,80.0,50.0,67.0,42.0,12.0,0.0,15.0
334,16.0,19.0,80.0,30.0,69.0,39.0,52.0,19.0,12.0,0.0,15.0
335,32.0,49.0,90.0,50.0,80.0,50.0,67.0,42.0,13.0,0.0,15.0
336,77.0,90.0,69.0,99.0,0.0,88.0,28.0,59.0,13.0,40.0,105.0
337,77.0,91.0,69.0,98.0,0.0,87.0,29.0,59.0,14.0,40.0,105.0
338,16.0,19.0,79.0,29.0,69.0,39.0,49.0,19.0,8.0,0.0,15.0
339,31.0,49.0,89.0,49.0,79.0,49.0,59.0,39.0,12.0,0.0,15.0
340,16.0,19.0,79.0,29.0,69.0,39.0,50.0,19.0,7.0,0.0,15.0
341,31.0,48.0,89.0,49.0,79.0,49.0,64.0,39.0,11.0,0.0,15.0
342,16.0,19.0,79.0,29.0,69.0,44.0,49.0,19.0,14.0,0.0,15.0
343,32.0,49.0,88.0,48.0,79.0,49.0,68.0,39.0,13.0,0.0,15.0
344,53.0,72.0,77.0,77.0,75.0,64.0,0.0,54.0,14.0,8.0,35.0
345,52.0,72.0,76.0,78.0,77.0,65.0,0.0,55.0,12.0,8.0,35.0
346,28.0,45.0,96.0,42.0,78.0,82.0,81.0,45.0,20.0,0.0,15.0
347,32.0,55.0,94.0,59.0,85.0,81.0,72.0,48.0,53.0,0.0,15.0
348,31.0,51.0,90.0,57.0,89.0,74.0,69.0,42.0,15.0,0.0,15.0
349,20.0,27.0,84.0,48.0,48.0,104.0,63.0,29.0,10.0,0.0,20.0
350,37.0,53.0,88.0,57.0,54.0,116.0,72.0,49.0,12.0,0.0,20.0
351,20.0,26.0,83.0,49.0,49.0,103.0,63.0,29.0,9.0,0.0,20.0
352,37.0,52.0,87.0,58.0,56.0,114.0,72.0,49.0,11.0,0.0,20.0
353,20.0,28.0,85.0,50.0,47.0,101.0,62.0,28.0,7.0,0.0,20.0
354,37.0,54.0,89.0,60.0,54.0,110.0,72.0,49.0,8.0,0.0,20.0
355,16.0,19.0,80.0,30.0,69.0,39.0,52.0,24.0,8.0,0.0,15.0
356,32.0,49.0,90.0,51.0,80.0,50.0,67.0,54.0,10.0,0.0,15.0
357,16.0,19.0,80.0,29.0,68.0,44.0,64.0,19.0,16.0,0.0,15.0
358,33.0,51.0,92.0,50.0,78.0,62.0,79.0,43.0,18.0,0.0,15.0
359,31.0,51.0,92.0,59.0,88.0,78.0,68.0,54.0,18.0,0.0,15.0
360,57.0,78.0,80.0,86.0,86.0,70.0,0.0,62.0,19.0,12.0,45.0
361,57.0,78.0,81.0,77.0,84.0,106.0,0.0,55.0,14.0,12.0,45.0
362,60.0,76.0,73.0,45.0,0.0,79.0,0.0,80.0,17.0,69.0,50.0
363,60.0,78.0,75.0,45.0,0.0,78.0,0.0,78.0,30.0,69.0,50.0
364,8.0,16.0,44.0,8.0,58.0,0.0,0.0,28.0,30.0,0.0,10.0
365,13.0,20.0,59.0,12.0,64.0,0.0,0.0,29.0,34.0,0.0,10.0
366,70.0,57.0,49.0,40.0,0.0,70.0,0.0,69.0,4.0,43.0,55.0
367,78.0,81.0,69.0,52.0,0.0,80.0,0.0,75.0,7.0,56.0,70.0
368,83.0,63.0,42.0,45.0,0.0,73.0,0.0,68.0,25.0,80.0,65.0
369,27.0,43.0,90.0,45.0,79.0,56.0,69.0,43.0,14.0,0.0,15.0
370,27.0,43.0,91.0,46.0,80.0,57.0,69.0,44.0,13.0,0.0,15.0
371,13.0,21.0,68.0,13.0,69.0,0.0,0.0,34.0,44.0,0.0,10.0
372,31.0,50.0,89.0,62.0,90.0,59.0,66.0,60.0,15.0,0.0,15.0
373,88.0,83.0,53.0,53.0,0.0,93.0,0.0,80.0,35.0,90.0,85.0
374,72.0,91.0,54.0,92.0,0.0,88.0,0.0,48.0,55.0,12.0,90.0
375,82.0,93.0,67.0,107.0,0.0,98.0,0.0,60.0,70.0,12.0,90.0
376,84.0,95.0,67.0,105.0,0.0,96.0,0.0,64.0,35.0,16.0,200.0
377,92.0,107.0,70.0,116.0,0.0,120.0,0.0,71.0,40.0,16.0,200.0
378,88.0,86.0,54.0,97.0,0.0,72.0,0.0,44.0,20.0,12.0,130.0
379,88.0,85.0,52.0,98.0,0.0,74.0,0.0,46.0,6.0,12.0,130.0
380,15.0,18.0,82.0,27.0,58.0,41.0,60.0,20.0,12.0,0.0,15.0
381,29.0,50.0,92.0,48.0,72.0,59.0,80.0,46.0,16.0,0.0,15.0
382,38.0,38.0,58.0,14.0,0.0,48.0,0.0,52.0,5.0,51.0,40.0
383,48.0,58.0,73.0,31.0,0.0,72.0,0.0,72.0,7.0,66.0,45.0
384,32.0,25.0,57.0,18.0,0.0,36.0,0.0,42.0,12.0,2.0,50.0
385,92.0,92.0,76.0,102.0,0.0,90.0,0.0,52.0,30.0,12.0,140.0
386,92.0,90.0,71.0,105.0,0.0,94.0,0.0,52.0,8.0,12.0,140.0
387,42.0,54.0,59.0,58.0,28.0,62.0,0.0,36.0,10.0,6.0,45.0
388,56.0,78.0,72.0,75.0,40.0,72.0,0.0,46.0,12.0,8.0,45.0
389,42.0,53.0,58.0,59.0,32.0,64.0,0.0,35.0,9.0,6.0,45.0
390,56.0,77.0,71.0,77.0,44.0,73.0,0.0,47.0,11.0,8.0,45.0
391,36.0,42.0,64.0,28.0,0.0,44.0,0.0,54.0,14.0,3.0,60.0
392,41.0,42.0,37.0,36.0,32.0,32.0,0.0,74.0,8.0,24.0,35.0
393,42.0,48.0,42.0,45.0,72.0,44.0,0.0,94.0,10.0,32.0,40.0
394,16.0,19.0,80.0,30.0,69.0,38.0,53.0,21.0,10.0,0.0,15.0
395,32.0,49.0,90.0,50.0,81.0,50.0,70.0,42.0,12.0,0.0,15.0
396,16.0,19.0,80.0,30.0,70.0,40.0,52.0,19.0,13.0,0.0,15.0
397,32.0,49.0,90.0,50.0,81.0,51.0,69.0,42.0,14.0,0.0,15.0
398,16.0,19.0,79.0,29.0,69.0,39.0,62.0,19.0,11.0,0.0,15.0
399,32.0,49.0,87.0,49.0,79.0,49.0,70.0,39.0,12.0,0.0,15.0
400,16.0,19.0,79.0,30.0,69.0,39.0,59.0,19.0,11.0,0.0,15.0
401,32.0,49.0,87.0,50.0,79.0,49.0,68.0,39.0,12.0,0.0,15.0
402,16.0,19.0,79.0,30.0,68.0,37.0,47.0,19.0,13.0,0.0,15.0
403,32.0,49.0,87.0,50.0,78.0,48.0,67.0,40.0,14.0,0.0,15.0
404,16.0,19.0,77.0,31.0,69.0,38.0,42.0,18.0,6.0,0.0,15.0
405,30.0,48.0,88.0,51.0,82.0,49.0,73.0,42.0,8.0,0.0,15.0
406,16.0,19.0,79.0,29.0,69.0,40.0,50.0,19.0,10.0,0.0,15.0
407,30.0,49.0,89.0,49.0,79.0,50.0,63.0,40.0,13.0,0.0,15.0
408,16.0,19.0,79.0,29.0,70.0,39.0,49.0,19.0,10.0,0.0,15.0
409,30.0,49.0,89.0,49.0,80.0,49.0,59.0,40.0,12.0,0.0,15.0
412,77.0,77.0,84.0,63.0,0.0,88.0,0.0,93.0,20.0,93.0,90.0
413,78.0,78.0,89.0,56.0,0.0,90.0,0.0,92.0,50.0,93.0,90.0
414,31.0,52.0,90.0,68.0,92.0,60.0,59.0,57.0,17.0,0.0,15.0
415,31.0,52.0,90.0,65.0,92.0,72.0,68.0,54.0,37.0,0.0,15.0
418,78.0,83.0,81.0,70.0,0.0,88.0,0.0,90.0,20.0,76.0,100.0
419,79.0,84.0,85.0,65.0,0.0,90.0,0.0,90.0,50.0,76.0,100.0
420,34.0,55.0,88.0,55.0,86.0,75.0,89.0,55.0,17.0,0.0,15.0
421,31.0,51.0,89.0,62.0,96.0,64.0,63.0,53.0,19.0,0.0,15.0
422,31.0,52.0,92.0,60.0,83.0,82.0,68.0,56.0,37.0,0.0,15.0
423,12.0,17.0,80.0,28.0,36.0,26.0,60.0,18.0,30.0,0.0,15.0
424,12.0,17.0,72.0,29.0,37.0,27.0,55.0,19.0,13.0,0.0,15.0
425,23.0,37.0,88.0,42.0,69.0,52.0,68.0,47.0,14.0,0.0,15.0
426,12.0,17.0,74.0,27.0,36.0,28.0,56.0,17.0,25.0,0.0,15.0
427,23.0,38.0,90.0,38.0,68.0,56.0,75.0,46.0,30.0,0.0,15.0
428,12.0,17.0,73.0,28.0,38.0,25.0,62.0,18.0,12.0,0.0,15.0
429,23.0,37.0,87.0,39.0,68.0,50.0,70.0,47.0,12.0,0.0,15.0
430,12.0,17.0,75.0,29.0,36.0,24.0,56.0,17.0,17.0,0.0,15.0
431,23.0,37.0,89.0,40.0,68.0,51.0,70.0,46.0,18.0,0.0,15.0
432,23.0,39.0,98.0,41.0,69.0,48.0,77.0,42.0,40.0,0.0,15.0
433,42.0,63.0,82.0,64.0,78.0,89.0,70.0,53.0,17.0,3.0,25.0
434,42.0,63.0,84.0,50.0,80.0,80.0,82.0,52.0,18.0,3.0,25.0
435,15.0,20.0,80.0,30.0,70.0,39.0,49.0,20.0,11.0,0.0,15.0
436,30.0,49.0,90.0,52.0,80.0,50.0,59.0,39.0,17.0,0.0,15.0
437,15.0,19.0,79.0,29.0,69.0,39.0,49.0,19.0,6.0,0.0,15.0
438,30.0,49.0,88.0,50.0,82.0,49.0,59.0,41.0,7.0,0.0,15.0
439,13.0,18.0,69.0,29.0,49.0,29.0,41.0,17.0,13.0,0.0,15.0
440,24.0,39.0,89.0,39.0,69.0,39.0,61.0,39.0,16.0,0.0,15.0
442,14.0,18.0,37.0,9.0,75.0,0.0,0.0,39.0,14.0,0.0,10.0
443,18.0,19.0,52.0,12.0,86.0,0.0,0.0,41.0,16.0,2.0,10.0
444,16.0,19.0,80.0,31.0,68.0,43.0,52.0,24.0,10.0,0.0,15.0
445,32.0,49.0,90.0,52.0,78.0,59.0,65.0,56.0,12.0,0.0,15.0
446,16.0,19.0,79.0,31.0,69.0,42.0,53.0,24.0,9.0,0.0,15.0
447,32.0,49.0,89.0,52.0,79.0,60.0,66.0,56.0,11.0,0.0,15.0
448,15.0,19.0,84.0,29.0,69.0,39.0,49.0,19.0,14.0,0.0,15.0
449,30.0,49.0,93.0,49.0,79.0,54.0,59.0,43.0,17.0,0.0,15.0
450,45.0,68.0,82.0,58.0,84.0,86.0,87.0,60.0,17.0,3.0,25.0
451,45.0,67.0,84.0,57.0,83.0,88.0,83.0,64.0,16.0,4.0,25.0
452,31.0,54.0,90.0,68.0,89.0,64.0,60.0,53.0,18.0,0.0,15.0
453,31.0,52.0,90.0,69.0,88.0,70.0,59.0,52.0,17.0,0.0,15.0
454,42.0,50.0,43.0,48.0,0.0,40.0,0.0,70.0,17.0,26.0,35.0
455,43.0,56.0,44.0,58.0,0.0,48.0,0.0,88.0,20.0,38.0,40.0
456,85.0,90.0,67.0,94.0,0.0,70.0,0.0,50.0,22.0,12.0,100.0
457,89.0,96.0,73.0,96.0,0.0,78.0,0.0,54.0,24.0,12.0,100.0
458,20.0,24.0,34.0,10.0,73.0,0.0,0.0,46.0,19.0,3.0,20.0
459,24.0,24.0,43.0,20.0,82.0,0.0,0.0,46.0,19.0,6.0,25.0
460,18.0,22.0,36.0,9.0,68.0,0.0,0.0,43.0,6.0,2.0,15.0
461,21.0,22.0,47.0,16.0,72.0,0.0,0.0,43.0,8.0,3.0,25.0
462,18.0,22.0,39.0,9.0,66.0,0.0,0.0,44.0,24.0,2.0,15.0
463,22.0,23.0,53.0,12.0,68.0,0.0,0.0,44.0,24.0,3.0,25.0
464,62.0,88.0,73.0,87.0,48.0,90.0,0.0,64.0,17.0,15.0,50.0
465,31.0,50.0,91.0,69.0,87.0,71.0,83.0,50.0,16.0,0.0,15.0
466,31.0,51.0,90.0,68.0,88.0,70.0,77.0,47.0,17.0,0.0,15.0
467,37.0,29.0,27.0,22.0,0.0,28.0,0.0,48.0,19.0,22.0,30.0
469,60.0,77.0,83.0,76.0,88.0,86.0,0.0,86.0,18.0,24.0,55.0
471,61.0,74.0,82.0,76.0,88.0,85.0,0.0,83.0,14.0,24.0,55.0
472,62.0,75.0,81.0,76.0,87.0,84.0,0.0,81.0,13.0,24.0,55.0
474,61.0,78.0,81.0,81.0,90.0,86.0,0.0,80.0,18.0,14.0,55.0
476,61.0,74.0,83.0,56.0,0.0,87.0,0.0,85.0,13.0,50.0,60.0
477,62.0,75.0,82.0,55.0,0.0,86.0,0.0,83.0,12.0,50.0,60.0
479,59.0,73.0,47.0,78.0,28.0,58.0,0.0,30.0,20.0,4.0,75.0
480,72.0,90.0,66.0,89.0,0.0,65.0,0.0,36.0,30.0,4.0,80.0
481,22.0,31.0,90.0,50.0,48.0,52.0,55.0,36.0,40.0,0.0,15.0
482,39.0,56.0,94.0,66.0,68.0,69.0,73.0,48.0,43.0,0.0,15.0
483,38.0,41.0,65.0,56.0,40.0,70.0,70.0,68.0,17.0,5.0,35.0
484,52.0,68.0,79.0,74.0,68.0,78.0,77.0,72.0,20.0,6.0,40.0
485,55.0,47.0,57.0,27.0,0.0,72.0,0.0,72.0,8.0,72.0,55.0
486,71.0,70.0,68.0,51.0,0.0,82.0,0.0,84.0,13.0,80.0,65.0
487,77.0,95.0,68.0,90.0,32.0,72.0,0.0,38.0,35.0,6.0,85.0
488,9.0,16.0,83.0,18.0,0.0,24.0,72.0,13.0,40.0,0.0,10.0
489,17.0,33.0,92.0,35.0,0.0,53.0,77.0,28.0,50.0,0.0,10.0
490,9.0,16.0,82.0,19.0,0.0,22.0,70.0,14.0,35.0,0.0,10.0
491,17.0,33.0,91.0,36.0,0.0,52.0,75.0,29.0,45.0,0.0,10.0
492,15.0,18.0,79.0,32.0,82.0,44.0,82.0,22.0,50.0,0.0,15.0
493,31.0,50.0,90.0,52.0,90.0,70.0,92.0,52.0,55.0,0.0,15.0
494,15.0,18.0,76.0,33.0,82.0,42.0,83.0,20.0,17.0,0.0,15.0
495,31.0,50.0,86.0,53.0,90.0,72.0,93.0,52.0,22.0,0.0,15.0
496,36.0,32.0,39.0,9.0,0.0,24.0,0.0,48.0,5.0,23.0,25.0
497,36.0,32.0,38.0,10.0,0.0,25.0,0.0,47.0,6.0,23.0,25.0
499,38.0,35.0,37.0,14.0,0.0,30.0,60.0,48.0,9.0,33.0,30.0
500,48.0,53.0,50.0,24.0,0.0,48.0,80.0,60.0,11.0,36.0,30.0
501,11.0,17.0,42.0,10.0,62.0,18.0,0.0,24.0,25.0,0.0,10.0
502,13.0,18.0,56.0,8.0,32.0,22.0,0.0,28.0,30.0,0.0,10.0
503,37.0,34.0,39.0,12.0,0.0,27.0,59.0,52.0,6.0,27.0,30.0
504,47.0,52.0,49.0,23.0,0.0,42.0,79.0,64.0,9.0,36.0,30.0
505,16.0,19.0,80.0,31.0,68.0,43.0,54.0,24.0,10.0,0.0,15.0
506,32.0,49.0,90.0,50.0,80.0,56.0,72.0,44.0,13.0,0.0,15.0
507,16.0,19.0,79.0,30.0,68.0,44.0,54.0,23.0,9.0,0.0,15.0
508,32.0,49.0,88.0,51.0,80.0,58.0,69.0,55.0,10.0,0.0,15.0
509,13.0,19.0,62.0,12.0,36.0,25.0,0.0,30.0,35.0,0.0,10.0
510,14.0,21.0,64.0,15.0,68.0,28.0,0.0,32.0,40.0,0.0,10.0
511,49.0,55.0,54.0,39.0,0.0,54.0,89.0,68.0,14.0,39.0,35.0
512,21.0,29.0,83.0,47.0,46.0,102.0,61.0,27.0,27.0,0.0,20.0
514,9.0,16.0,83.0,18.0,0.0,27.0,72.0,14.0,37.0,0.0,10.0
515,17.0,33.0,92.0,37.0,0.0,54.0,79.0,28.0,40.0,0.0,10.0
516,9.0,16.0,81.0,19.0,0.0,28.0,72.0,15.0,7.0,0.0,10.0
517,17.0,33.0,89.0,38.0,0.0,55.0,79.0,28.0,9.0,0.0,10.0
518,50.0,56.0,53.0,37.0,0.0,58.0,88.0,64.0,15.0,51.0,35.0
519,38.0,55.0,91.0,56.0,52.0,116.0,71.0,48.0,37.0,0.0,20.0
521,9.0,16.0,81.0,19.0,0.0,29.0,73.0,15.0,7.0,0.0,10.0
522,17.0,33.0,88.0,39.0,0.0,54.0,79.0,29.0,9.0,0.0,10.0
523,9.0,16.0,84.0,17.0,0.0,27.0,72.0,13.0,47.0,0.0,10.0
524,17.0,34.0,93.0,36.0,0.0,53.0,81.0,28.0,49.0,0.0,10.0
525,91.0,110.0,70.0,118.0,0.0,100.0,0.0,55.0,40.0,15.0,180.0
526,33.0,53.0,93.0,67.0,87.0,66.0,77.0,45.0,18.0,0.0,15.0
527,33.0,53.0,91.0,69.0,89.0,64.0,68.0,44.0,30.0,0.0,15.0
528,28.0,19.0,36.0,15.0,0.0,38.0,60.0,60.0,12.0,28.0,25.0
529,38.0,39.0,46.0,32.0,0.0,48.0,68.0,68.0,15.0,34.0,25.0
530,89.0,85.0,60.0,68.0,0.0,94.0,0.0,93.0,40.0,80.0,90.0
531,99.0,125.0,65.0,145.0,0.0,105.0,0.0,58.0,10.0,28.0,275.0
532,46.0,69.0,82.0,61.0,91.0,83.0,85.0,61.0,13.0,3.0,25.0
533,27.0,46.0,93.0,45.0,77.0,82.0,81.0,47.0,17.0,0.0,15.0
534,65.0,80.0,64.0,55.0,0.0,90.0,0.0,80.0,45.0,96.0,75.0
535,69.0,90.0,68.0,58.0,0.0,95.0,0.0,90.0,50.0,112.0,90.0
536,89.0,88.0,56.0,58.0,0.0,94.0,0.0,95.0,40.0,93.0,100.0
537,9.0,17.0,83.0,19.0,0.0,36.0,78.0,15.0,7.0,0.0,10.0
538,18.0,34.0,87.0,38.0,0.0,62.0,83.0,29.0,9.0,0.0,10.0
539,9.0,17.0,81.0,18.0,0.0,36.0,77.0,12.0,33.0,0.0,10.0
540,18.0,35.0,90.0,36.0,0.0,61.0,85.0,28.0,37.0,0.0,10.0
543,59.0,71.0,74.0,46.0,0.0,70.0,0.0,80.0,42.0,57.0,40.0
544,33.0,53.0,88.0,62.0,80.0,76.0,88.0,48.0,18.0,0.0,15.0
545,34.0,53.0,90.0,63.0,84.0,90.0,70.0,52.0,24.0,0.0,15.0
546,33.0,54.0,89.0,60.0,83.0,93.0,72.0,46.0,20.0,0.0,15.0
547,33.0,51.0,94.0,59.0,84.0,80.0,86.0,42.0,17.0,0.0,15.0
548,59.0,72.0,67.0,48.0,0.0,88.0,48.0,77.0,42.0,50.0,40.0
549,14.0,17.0,80.0,24.0,38.0,40.0,80.0,20.0,30.0,0.0,15.0
550,27.0,43.0,88.0,50.0,70.0,60.0,88.0,48.0,40.0,0.0,15.0
551,17.0,20.0,81.0,32.0,60.0,60.0,82.0,32.0,17.0,0.0,20.0
552,34.0,52.0,89.0,55.0,72.0,90.0,90.0,60.0,40.0,0.0,20.0
553,33.0,53.0,89.0,64.0,90.0,65.0,72.0,43.0,16.0,0.0,15.0
554,33.0,53.0,92.0,66.0,89.0,67.0,78.0,45.0,20.0,0.0,15.0
555,9.0,16.0,84.0,16.0,0.0,28.0,72.0,13.0,36.0,0.0,10.0
556,17.0,34.0,92.0,35.0,0.0,55.0,80.0,27.0,40.0,0.0,10.0
557,33.0,53.0,90.0,68.0,90.0,62.0,67.0,42.0,20.0,0.0,15.0
558,33.0,54.0,90.0,67.0,91.0,64.0,68.0,43.0,24.0,0.0,15.0
559,33.0,53.0,90.0,69.0,88.0,65.0,70.0,41.0,22.0,0.0,15.0
560,33.0,53.0,93.0,65.0,87.0,71.0,79.0,44.0,22.0,0.0,15.0
561,9.0,16.0,82.0,18.0,0.0,28.0,74.0,15.0,11.0,0.0,10.0
562,17.0,33.0,89.0,37.0,0.0,55.0,81.0,29.0,14.0,0.0,10.0
563,82.0,92.0,44.0,102.0,0.0,82.0,0.0,42.0,24.0,5.0,95.0
565,91.0,109.0,71.0,118.0,0.0,102.0,0.0,56.0,16.0,15.0,180.0
567,15.0,18.0,82.0,27.0,58.0,41.0,60.0,20.0,14.0,0.0,15.0
568,93.0,104.0,58.0,114.0,0.0,92.0,0.0,48.0,28.0,6.0,95.0
570,33.0,53.0,94.0,68.0,88.0,72.0,76.0,43.0,28.0,0.0,15.0
571,43.0,63.0,77.0,62.0,70.0,102.0,62.0,55.0,24.0,4.0,30.0
572,29.0,50.0,93.0,54.0,72.0,63.0,80.0,46.0,17.0,0.0,15.0
573,45.0,45.0,45.0,46.0,40.0,48.0,0.0,80.0,9.0,28.0,40.0
574,47.0,46.0,58.0,54.0,75.0,62.0,0.0,95.0,10.0,28.0,40.0
576,16.0,19.0,78.0,30.0,69.0,40.0,49.0,18.0,6.0,0.0,15.0
577,31.0,49.0,88.0,51.0,79.0,50.0,58.0,37.0,9.0,0.0,15.0
578,9.0,16.0,83.0,18.0,0.0,24.0,72.0,13.0,40.0,0.0,10.0
579,17.0,33.0,93.0,35.0,0.0,54.0,76.0,29.0,49.0,0.0,10.0
580,9.0,16.0,82.0,20.0,0.0,22.0,75.0,15.0,9.0,0.0,10.0
581,17.0,33.0,92.0,37.0,0.0,52.0,79.0,30.0,10.0,0.0,10.0
582,49.0,47.0,63.0,60.0,88.0,65.0,0.0,96.0,10.0,32.0,40.0
583,31.0,51.0,90.0,61.0,93.0,69.0,82.0,51.0,20.0,0.0,15.0
584,30.0,50.0,87.0,60.0,95.0,63.0,86.0,41.0,10.0,0.0,15.0
585,37.0,51.0,64.0,51.0,66.0,60.0,39.0,41.0,20.0,6.0,40.0
586,52.0,75.0,77.0,73.0,70.0,70.0,59.0,49.0,30.0,8.0,40.0
587,37.0,51.0,65.0,50.0,66.0,60.0,40.0,40.0,20.0,6.0,40.0
588,52.0,75.0,78.0,72.0,70.0,70.0,60.0,48.0,30.0,8.0,40.0
593,43.0,47.0,60.0,52.0,40.0,60.0,0.0,50.0,12.0,6.0,40.0
594,18.0,20.0,82.0,31.0,60.0,62.0,83.0,33.0,30.0,0.0,20.0
595,35.0,52.0,90.0,54.0,72.0,91.0,91.0,62.0,40.0,0.0,20.0
598,38.0,39.0,66.0,59.0,34.0,70.0,35.0,65.0,15.0,4.0,35.0
599,53.0,67.0,79.0,77.0,40.0,80.0,43.0,76.0,27.0,6.0,35.0
600,28.0,31.0,68.0,50.0,50.0,70.0,40.0,42.0,9.0,4.0,30.0
601,43.0,67.0,73.0,70.0,60.0,75.0,50.0,55.0,10.0,5.0,30.0
602,54.0,73.0,76.0,76.0,60.0,75.0,0.0,53.0,20.0,7.0,40.0
603,77.0,90.0,43.0,96.0,0.0,90.0,0.0,37.0,30.0,3.0,90.0
604,79.0,93.0,59.0,100.0,0.0,91.0,0.0,48.0,20.0,6.0,150.0
605,67.0,65.0,57.0,45.0,0.0,72.0,0.0,70.0,28.0,87.0,60.0
606,81.0,84.0,73.0,55.0,0.0,86.0,0.0,90.0,30.0,90.0,70.0
607,81.0,81.0,73.0,60.0,0.0,85.0,0.0,91.0,20.0,90.0,95.0
608,84.0,80.0,70.0,56.0,0.0,84.0,0.0,90.0,18.0,99.0,100.0
609,91.0,99.0,54.0,105.0,0.0,100.0,0.0,52.0,40.0,5.0,95.0
610,91.0,108.0,65.0,109.0,0.0,108.0,0.0,60.0,36.0,8.0,160.0
612,81.0,81.0,75.0,67.0,0.0,84.0,0.0,90.0,20.0,78.0,95.0
613,84.0,80.0,71.0,62.0,0.0,84.0,0.0,89.0,18.0,86.0,100.0
614,9.0,16.0,80.0,17.0,0.0,36.0,78.0,14.0,12.0,0.0,10.0
615,9.0,16.0,81.0,16.0,0.0,37.0,79.0,15.0,20.0,0.0,10.0
616,29.0,32.0,67.0,58.0,54.0,66.0,50.0,40.0,12.0,3.0,30.0
617,15.0,18.0,84.0,26.0,57.0,40.0,60.0,20.0,14.0,0.0,15.0
618,39.0,40.0,65.0,60.0,32.0,72.0,36.0,64.0,9.0,4.0,35.0
619,17.0,33.0,89.0,37.0,0.0,60.0,84.0,29.0,15.0,0.0,10.0
620,17.0,33.0,90.0,36.0,0.0,62.0,85.0,30.0,30.0,0.0,10.0
621,45.0,68.0,72.0,72.0,72.0,70.0,55.0,50.0,22.0,3.0,30.0
622,29.0,51.0,95.0,55.0,68.0,80.0,79.0,46.0,40.0,0.0,15.0
623,53.0,69.0,75.0,78.0,38.0,86.0,40.0,76.0,13.0,6.0,35.0
628,16.0,19.0,81.0,30.0,69.0,40.0,53.0,20.0,11.0,0.0,15.0
629,32.0,49.0,91.0,50.0,80.0,50.0,68.0,43.0,12.0,0.0,15.0
631,31.0,51.0,93.0,61.0,88.0,62.0,79.0,48.0,30.0,0.0,15.0
632,37.0,54.0,92.0,60.0,86.0,92.0,93.0,64.0,47.0,0.0,20.0
633,38.0,56.0,94.0,62.0,82.0,95.0,97.0,66.0,47.0,0.0,25.0
635,15.0,19.0,80.0,29.0,69.0,39.0,49.0,19.0,7.0,0.0,15.0
636,30.0,49.0,89.0,49.0,79.0,48.0,60.0,41.0,9.0,0.0,15.0
637,16.0,19.0,80.0,29.0,70.0,38.0,50.0,19.0,10.0,0.0,15.0
638,30.0,49.0,89.0,48.0,78.0,54.0,59.0,39.0,12.0,0.0,15.0
642,14.0,20.0,39.0,8.0,72.0,0.0,0.0,27.0,47.0,0.0,10.0
643,18.0,21.0,50.0,12.0,88.0,0.0,0.0,30.0,50.0,0.0,10.0
644,8.0,15.0,79.0,15.0,0.0,19.0,67.0,11.0,18.0,0.0,10.0
645,15.0,29.0,91.0,28.0,0.0,41.0,76.0,20.0,20.0,0.0,10.0
646,9.0,15.0,77.0,15.0,0.0,21.0,65.0,11.0,17.0,0.0,10.0
647,15.0,28.0,89.0,28.0,0.0,45.0,74.0,19.0,20.0,0.0,10.0
650,14.0,22.0,70.0,26.0,60.0,60.0,75.0,25.0,14.0,0.0,15.0
651,27.0,55.0,83.0,43.0,72.0,74.0,80.0,45.0,18.0,0.0,15.0
652,14.0,22.0,71.0,25.0,79.0,58.0,74.0,24.0,28.0,0.0,15.0
653,26.0,54.0,83.0,42.0,98.0,71.0,79.0,43.0,38.0,0.0,15.0
655,14.0,22.0,69.0,23.0,57.0,61.0,76.0,24.0,8.0,0.0,15.0
656,26.0,55.0,82.0,41.0,71.0,77.0,81.0,43.0,11.0,0.0,15.0
658,84.0,84.0,68.0,60.0,0.0,84.0,84.0,93.0,18.0,64.0,105.0
660,33.0,53.0,91.0,65.0,91.0,64.0,75.0,42.0,18.0,0.0,15.0
661,33.0,53.0,90.0,68.0,86.0,62.0,72.0,58.0,12.0,0.0,15.0
663,35.0,60.0,97.0,68.0,56.0,88.0,60.0,50.0,60.0,0.0,15.0
664,46.0,70.0,82.0,70.0,92.0,80.0,80.0,58.0,16.0,3.0,25.0
665,15.0,18.0,81.0,27.0,58.0,41.0,60.0,20.0,9.0,0.0,15.0
666,28.0,50.0,92.0,55.0,72.0,63.0,80.0,46.0,13.0,0.0,15.0
667,81.0,91.0,59.0,99.0,0.0,91.0,0.0,46.0,24.0,6.0,140.0
668,44.0,47.0,61.0,51.0,44.0,62.0,0.0,51.0,10.0,6.0,40.0
669,35.0,60.0,100.0,66.0,90.0,85.0,74.0,48.0,63.0,0.0,15.0
670,46.0,70.0,81.0,67.0,84.0,84.0,84.0,53.0,16.0,0.0,25.0
672,93.0,104.0,66.0,107.0,0.0,106.0,0.0,62.0,38.0,8.0,150.0
673,55.0,73.0,75.0,75.0,65.0,78.0,0.0,52.0,12.0,7.0,40.0
675,53.0,72.0,83.0,78.0,86.0,82.0,84.0,61.0,13.0,8.0,35.0
676,54.0,73.0,88.0,78.0,89.0,80.0,83.0,60.0,17.0,8.0,40.0
678,31.0,54.0,91.0,60.0,87.0,80.0,74.0,46.0,18.0,0.0,15.0
680,30.0,51.0,85.0,60.0,84.0,66.0,82.0,41.0,10.0,0.0,15.0
681,53.0,74.0,86.0,81.0,88.0,88.0,80.0,60.0,17.0,6.0,45.0
683,33.0,54.0,90.0,68.0,89.0,66.0,69.0,42.0,21.0,0.0,15.0
684,16.0,19.0,77.0,32.0,68.0,46.0,54.0,23.0,8.0,0.0,15.0
685,32.0,49.0,85.0,53.0,81.0,56.0,66.0,54.0,9.0,0.0,15.0
689,16.0,19.0,74.0,32.0,69.0,41.0,55.0,22.0,6.0,0.0,15.0
690,32.0,48.0,79.0,52.0,82.0,54.0,69.0,54.0,7.0,0.0,15.0
692,57.0,67.0,40.0,75.0,12.0,49.0,0.0,29.0,22.0,5.0,70.0
693,73.0,87.0,67.0,91.0,0.0,76.0,0.0,40.0,23.0,2.0,75.0
694,78.0,91.0,70.0,95.0,30.0,90.0,0.0,58.0,24.0,9.0,85.0
697,12.0,16.0,70.0,3.0,64.0,5.0,0.0,38.0,23.0,0.0,15.0
698,61.0,73.0,79.0,45.0,0.0,72.0,50.0,77.0,42.0,57.0,40.0
699,39.0,35.0,0.0,13.0,0.0,29.0,0.0,0.0,8.0,27.0,30.0
700,47.0,52.0,0.0,24.0,0.0,46.0,0.0,0.0,10.0,37.0,30.0
701,59.0,80.0,58.0,38.0,0.0,77.0,0.0,73.0,10.0,49.0,65.0
702,74.0,85.0,67.0,55.0,0.0,84.0,0.0,85.0,22.0,57.0,75.0
704,13.0,18.0,80.0,4.0,69.0,5.0,0.0,48.0,24.0,0.0,20.0
705,63.0,74.0,75.0,47.0,0.0,81.0,46.0,80.0,42.0,62.0,60.0
706,49.0,55.0,0.0,39.0,0.0,57.0,0.0,0.0,15.0,41.0,35.0
710,13.0,20.0,43.0,11.0,73.0,0.0,0.0,41.0,11.0,0.0,10.0
711,17.0,23.0,55.0,13.0,82.0,0.0,0.0,43.0,17.0,0.0,10.0
713,9.0,17.0,82.0,18.0,0.0,38.0,76.0,14.0,9.0,0.0,10.0
714,18.0,34.0,88.0,37.0,0.0,63.0,81.0,28.0,12.0,0.0,10.0
